Date,EMIRATESNBD,DIB,EMAAR,CBD,MASQ,DEWA
2021-07-01,140.51,218.32,250.22,80.0,142.39,184.31
2021-07-02,141.48,219.3,253.85,80.76,141.53,191.93
2021-07-05,142.34,216.55,252.56,79.98,142.39,192.62
2021-07-06,145.29,214.56,255.89,80.07,145.36,194.25
2021-07-07,143.67,213.29,248.13,76.13,142.34,194.12
2021-07-08,142.23,215.21,247.6,75.17,145.24,191.37
2021-07-09,140.68,217.57,248.11,75.89,143.2,190.75
2021-07-12,138.15,215.18,248.35,74.43,149.42,184.74
2021-07-13,131.0,215.18,240.27,74.56,154.34,193.25
2021-07-14,133.56,224.51,246.17,75.26,154.07,188.57
2021-07-15,135.8,232.38,242.08,74.78,151.18,184.78
2021-07-16,131.73,234.52,243.83,75.08,147.76,183.24
2021-07-19,130.67,234.82,243.99,73.67,150.42,188.05
2021-07-20,128.8,235.5,249.01,73.4,150.4,188.2
2021-07-21,127.05,238.51,260.03,74.33,153.26,183.64
2021-07-22,121.68,233.75,253.44,74.6,160.1,188.34
2021-07-23,120.21,232.66,250.28,73.76,157.71,191.19
2021-07-26,121.7,225.01,251.35,74.13,153.91,193.35
2021-07-27,127.99,226.92,245.92,75.23,154.58,196.21
2021-07-28,129.07,229.97,249.89,72.18,158.19,205.7
2021-07-29,129.45,227.87,254.23,73.89,155.3,214.8
2021-07-30,128.18,235.15,257.2,73.43,155.48,211.95
2021-08-02,126.7,229.51,258.55,74.09,159.82,218.94
2021-08-03,129.17,222.9,265.76,75.9,154.68,220.73
2021-08-04,129.98,224.01,259.75,73.86,155.49,223.04
2021-08-05,128.4,228.81,260.22,72.85,153.88,215.61
2021-08-06,125.84,236.63,256.51,72.47,154.34,214.98
2021-08-09,125.49,234.58,261.2,71.37,156.61,211.59
2021-08-10,124.22,239.76,251.75,73.88,157.38,215.2
2021-08-11,124.26,239.69,251.74,72.65,154.28,219.92
2021-08-12,123.76,238.99,253.55,71.88,152.81,210.91
2021-08-13,124.78,243.33,248.87,72.21,157.25,210.92
2021-08-16,121.69,246.63,245.88,70.51,158.36,215.76
2021-08-17,124.4,238.97,246.08,69.98,161.1,215.06
2021-08-18,131.38,246.15,250.9,70.46,161.99,218.3
2021-08-19,134.58,253.07,245.85,70.03,164.69,219.94
2021-08-20,135.24,250.03,241.75,69.93,163.47,221.56
2021-08-23,137.69,252.13,247.31,69.23,161.04,220.47
2021-08-24,134.98,254.75,246.08,67.17,163.58,215.21
2021-08-25,130.77,256.2,242.38,67.63,167.35,210.49
2021-08-26,132.86,253.51,246.03,70.04,164.37,213.58
2021-08-27,131.5,250.23,243.75,70.1,162.56,213.77
2021-08-30,128.02,250.23,248.89,70.45,162.11,213.29
2021-08-31,125.83,256.23,245.71,71.46,167.45,211.59
2021-09-01,123.05,259.14,245.04,69.68,169.42,210.4
2021-09-02,123.44,257.35,249.8,72.09,165.01,214.91
2021-09-03,124.94,261.45,248.79,72.42,164.79,213.58
2021-09-06,127.22,246.68,252.68,74.82,164.06,207.96
2021-09-07,129.56,252.48,252.47,73.76,160.29,211.15
2021-09-08,131.58,243.82,262.61,76.48,160.04,210.39
2021-09-09,131.1,242.17,270.98,77.7,159.19,210.63
2021-09-10,129.53,236.87,263.92,78.6,158.12,217.51
2021-09-13,125.69,230.85,266.8,79.01,156.91,217.53
2021-09-14,128.52,236.33,262.58,78.66,161.61,218.89
2021-09-15,128.13,234.24,263.72,80.58,160.51,213.84
2021-09-16,127.14,235.98,264.21,80.85,160.75,213.01
2021-09-17,130.2,235.87,258.77,77.71,160.64,215.71
2021-09-20,127.93,238.24,264.37,76.01,159.1,209.11
2021-09-21,130.13,238.73,265.58,75.77,159.43,210.06
2021-09-22,130.96,232.72,264.2,76.27,159.72,210.58
2021-09-23,128.31,237.47,262.02,76.23,160.06,210.86
2021-09-24,128.18,235.25,262.88,78.12,157.38,215.34
2021-09-27,130.74,228.04,265.16,75.11,156.81,216.89
2021-09-28,132.89,226.2,264.63,75.37,159.28,223.41
2021-09-29,136.93,233.11,249.77,72.66,158.78,219.08
2021-09-30,137.92,237.19,249.98,73.8,159.38,219.79
2021-10-01,147.29,235.65,242.9,73.7,159.99,220.27
2021-10-04,144.65,234.12,242.0,74.36,161.41,215.67
2021-10-05,143.57,232.73,235.32,73.11,163.29,219.9
2021-10-06,143.47,242.52,228.77,75.02,162.8,230.24
2021-10-07,139.47,244.49,234.54,76.62,159.92,230.27
2021-10-08,142.45,246.72,233.16,77.55,156.1,232.71
2021-10-11,145.09,251.92,231.42,77.39,159.35,233.22
2021-10-12,145.22,253.25,233.77,78.32,161.89,230.01
2021-10-13,143.74,252.07,232.16,77.26,164.07,221.75
2021-10-14,139.52,251.2,242.04,78.62,166.82,218.73
2021-10-15,137.38,250.97,240.84,81.25,166.36,212.75
2021-10-18,139.5,250.91,242.72,83.03,164.36,220.11
2021-10-19,138.97,254.68,247.55,81.86,161.22,219.71
2021-10-20,137.86,255.08,255.61,82.49,157.79,218.3
2021-10-21,139.31,258.94,251.94,80.4,161.7,222.29
2021-10-22,142.6,258.65,249.96,81.36,160.18,217.42
2021-10-25,143.41,259.19,256.46,82.13,163.64,214.19
2021-10-26,144.38,248.96,260.74,79.1,163.11,214.59
2021-10-27,148.42,253.65,266.48,77.31,160.99,219.11
2021-10-28,149.01,255.53,259.32,76.91,157.54,221.42
2021-10-29,148.16,260.76,267.48,76.48,155.77,222.63
2021-11-01,150.23,245.79,263.54,74.67,160.27,223.09
2021-11-02,149.54,256.17,264.68,75.29,156.87,224.99
2021-11-03,148.51,255.59,264.03,75.71,163.59,226.01
2021-11-04,152.37,261.38,259.53,75.45,160.92,221.46
2021-11-05,151.56,256.07,252.32,74.35,163.42,221.78
2021-11-08,143.58,259.34,243.65,75.94,163.02,217.13
2021-11-09,144.65,254.01,244.35,78.5,162.06,217.59
2021-11-10,143.58,250.97,237.02,77.78,158.02,215.61
2021-11-11,142.82,260.7,231.76,76.86,157.79,226.66
2021-11-12,144.18,259.83,230.87,77.66,154.21,226.6
2021-11-15,143.78,261.09,218.8,77.14,149.1,220.35
2021-11-16,144.47,265.77,222.32,76.96,149.53,219.86
2021-11-17,138.69,268.54,211.71,78.14,147.71,222.26
2021-11-18,136.15,269.48,211.49,75.19,152.76,229.81
2021-11-19,140.04,271.58,211.66,77.21,155.89,227.21
2021-11-22,140.06,284.77,214.04,77.36,161.26,220.14
2021-11-23,135.44,284.58,213.97,76.77,159.14,223.84
2021-11-24,132.6,285.87,222.72,76.67,159.66,217.77
2021-11-25,130.04,292.02,223.79,76.65,151.37,215.98
2021-11-26,130.37,298.62,228.62,74.03,150.59,214.98
2021-11-29,129.3,305.86,225.42,76.28,150.96,214.79
2021-11-30,127.66,309.92,226.08,76.39,151.5,217.85
2021-12-01,127.74,302.99,233.19,77.1,151.45,214.98
2021-12-02,129.02,313.04,232.2,78.61,151.73,213.91
2021-12-03,128.42,306.02,233.21,77.04,143.57,213.96
2021-12-06,127.01,308.03,237.9,77.81,144.38,214.71
2021-12-07,126.0,303.53,234.49,77.43,145.85,215.23
2021-12-08,126.92,303.3,224.47,78.78,149.82,217.22
2021-12-09,126.96,305.44,225.73,75.47,151.0,220.99
2021-12-10,128.98,307.56,230.3,75.36,150.68,222.84
2021-12-13,126.07,310.31,224.19,74.49,154.09,224.97
2021-12-14,124.18,320.48,227.31,75.17,146.9,217.97
2021-12-15,126.16,323.54,230.5,75.91,145.46,218.29
2021-12-16,124.2,322.13,220.14,74.87,143.3,220.5
2021-12-17,127.7,328.5,216.12,73.85,143.28,223.82
2021-12-20,131.36,336.48,214.52,73.72,137.05,220.83
2021-12-21,135.08,328.38,213.86,72.43,140.73,218.03
2021-12-22,132.77,332.47,210.79,73.69,140.1,215.64
2021-12-23,133.04,337.3,207.53,73.18,141.07,218.06
2021-12-24,131.79,335.46,214.57,68.96,141.76,222.68
2021-12-27,134.29,344.86,214.22,68.48,145.42,220.98
2021-12-28,138.94,344.0,211.35,67.09,140.07,225.1
2021-12-29,141.44,345.03,211.28,64.94,140.46,225.77
2021-12-30,141.54,344.01,213.66,63.36,143.75,225.32
2021-12-31,140.57,344.29,213.98,63.53,143.54,224.48
2022-01-03,142.47,336.91,213.21,65.25,140.88,227.94
2022-01-04,139.06,327.38,210.54,65.7,139.25,229.54
2022-01-05,140.62,337.98,207.86,64.93,138.22,240.1
2022-01-06,138.11,332.43,205.48,65.56,136.3,236.13
2022-01-07,139.9,326.0,206.98,64.99,135.95,238.7
2022-01-10,139.52,312.12,202.96,64.12,140.12,236.29
2022-01-11,138.5,308.29,204.66,62.67,138.52,232.3
2022-01-12,136.12,300.29,210.55,60.5,137.23,232.37
2022-01-13,135.22,310.3,212.02,60.06,138.56,233.12
2022-01-14,136.79,316.72,210.56,60.28,138.15,246.84
2022-01-17,139.71,312.52,205.2,60.2,134.55,246.06
2022-01-18,141.25,326.76,211.78,59.72,134.45,240.62
2022-01-19,145.18,333.34,206.93,58.62,134.25,242.05
2022-01-20,152.62,331.34,210.55,59.37,136.94,232.13
2022-01-21,151.71,314.94,213.34,57.83,134.34,231.82
2022-01-24,151.16,329.53,212.44,58.76,137.05,232.01
2022-01-25,146.88,320.53,211.43,57.61,136.85,235.81
2022-01-26,150.45,310.15,203.77,56.77,133.89,240.52
2022-01-27,154.44,316.64,205.22,55.14,130.45,238.22
2022-01-28,151.84,332.25,207.86,54.61,135.56,237.62
2022-01-31,153.79,341.62,203.44,55.7,135.19,234.1
2022-02-01,157.61,345.64,202.91,56.31,137.79,228.93
2022-02-02,158.4,349.93,203.16,57.44,133.16,230.47
2022-02-03,161.16,356.07,205.64,58.06,140.25,224.71
2022-02-04,161.81,361.66,205.76,56.81,142.82,222.96
2022-02-07,157.95,363.87,199.17,56.46,142.16,218.64
2022-02-08,161.35,364.81,197.16,55.61,141.36,221.15
2022-02-09,165.7,364.54,198.14,57.12,143.51,229.23
2022-02-10,168.22,359.22,201.57,55.78,145.53,223.37
2022-02-11,165.09,357.38,199.19,56.81,146.13,215.21
2022-02-14,162.69,345.46,208.0,57.85,146.24,214.78
2022-02-15,159.1,344.96,200.22,59.99,147.95,214.95
2022-02-16,161.63,338.31,198.07,59.53,142.87,216.0
2022-02-17,165.81,331.01,197.84,60.41,141.88,214.18
2022-02-18,167.3,332.37,197.14,63.2,137.28,213.43
2022-02-21,170.53,341.79,192.38,62.45,139.01,215.1
2022-02-22,167.65,348.23,194.2,60.56,137.2,219.69
2022-02-23,168.23,337.47,195.74,58.32,132.95,211.21
2022-02-24,163.7,330.96,196.02,59.18,130.91,209.75
2022-02-25,161.26,337.35,197.42,56.98,131.37,210.75
2022-02-28,164.17,330.89,195.85,56.58,130.89,206.99
2022-03-01,163.47,329.57,189.61,57.1,127.89,214.26
2022-03-02,167.5,333.36,186.99,57.34,123.59,211.65
2022-03-03,169.39,327.07,187.67,57.86,123.83,211.58
2022-03-04,178.74,327.92,188.37,58.15,122.46,214.03
2022-03-07,179.16,319.34,188.62,59.66,121.89,211.61
2022-03-08,174.21,315.66,190.79,58.56,121.56,203.9
2022-03-09,174.18,317.83,188.67,57.79,122.67,202.26
2022-03-10,170.91,307.87,188.86,56.93,124.8,206.52
2022-03-11,174.34,310.73,191.12,57.9,125.23,205.23
2022-03-14,174.57,310.77,190.89,58.97,124.49,201.86
2022-03-15,174.18,314.36,186.24,59.54,124.62,205.7
2022-03-16,173.83,315.92,182.75,60.97,123.83,204.44
2022-03-17,176.49,324.7,185.88,59.57,119.83,202.46
2022-03-18,174.99,325.67,191.15,61.58,122.5,203.16
2022-03-21,177.79,323.04,195.73,63.49,124.78,206.4
2022-03-22,181.6,323.99,196.74,64.46,129.8,216.33
2022-03-23,180.45,327.67,192.11,66.79,135.79,220.02
2022-03-24,177.2,328.16,192.18,64.61,132.66,225.23
2022-03-25,175.47,328.59,198.28,63.96,131.84,223.07
2022-03-28,178.05,324.14,200.83,63.05,138.53,218.6
2022-03-29,178.46,320.0,200.1,63.99,138.48,218.98
2022-03-30,180.8,311.19,202.71,62.68,139.23,219.56
2022-03-31,187.27,322.23,197.67,63.66,135.06,214.94
2022-04-01,188.23,314.38,195.02,65.44,135.54,214.29
2022-04-04,185.28,310.18,190.88,66.38,140.84,216.11
2022-04-05,189.29,305.88,192.77,66.79,144.54,217.77
2022-04-06,189.58,311.5,195.62,65.51,142.85,220.08
2022-04-07,192.98,309.82,195.12,64.43,141.79,221.47
2022-04-08,197.19,317.71,191.81,66.07,138.65,219.33
2022-04-11,193.51,313.59,191.83,67.14,136.36,217.19
2022-04-12,198.95,315.49,190.06,67.12,131.22,212.09
2022-04-13,202.65,310.38,187.13,66.59,131.06,219.77
2022-04-14,200.31,323.85,188.49,63.92,135.08,219.94
2022-04-15,201.63,316.32,185.73,62.59,136.11,219.06
2022-04-18,202.76,318.44,180.0,65.01,139.9,215.1
2022-04-19,202.96,322.64,175.25,63.38,142.97,227.83
2022-04-20,206.6,325.47,169.72,63.65,141.48,223.06
2022-04-21,212.65,324.42,170.65,64.96,139.4,221.26
2022-04-22,212.78,323.74,171.24,63.37,137.46,223.21
2022-04-25,218.55,324.19,171.67,63.63,132.81,226.0
2022-04-26,222.98,323.4,173.78,64.86,132.96,230.44
2022-04-27,224.13,329.79,178.01,64.91,125.3,238.89
2022-04-28,225.03,344.54,175.99,68.66,126.85,241.42
2022-04-29,219.96,340.87,177.51,66.41,127.09,236.45
2022-05-02,213.46,331.7,171.99,67.85,128.36,235.35
2022-05-03,214.28,331.28,176.82,67.64,131.13,236.92
2022-05-04,210.71,348.54,172.5,68.72,131.72,246.83
2022-05-05,210.65,343.11,170.14,69.36,136.08,240.06
2022-05-06,208.51,354.53,168.19,68.38,137.85,245.95
2022-05-09,201.15,366.61,163.14,68.73,135.83,246.96
2022-05-10,202.69,362.73,163.33,66.21,135.25,251.22
2022-05-11,201.11,367.04,164.11,67.04,129.2,250.83
2022-05-12,201.53,379.18,163.57,67.47,126.93,246.73
2022-05-13,198.03,376.49,158.61,68.37,126.03,250.56
2022-05-16,196.81,375.15,164.98,69.85,127.47,253.97
2022-05-17,203.05,370.97,166.88,70.4,125.62,259.03
2022-05-18,203.67,363.63,175.75,70.64,122.55,259.09
2022-05-19,206.01,359.09,173.01,69.43,117.99,256.11
2022-05-20,200.88,350.48,176.41,68.48,116.64,248.26
2022-05-23,210.58,350.89,179.25,70.14,121.25,252.45
2022-05-24,218.45,345.66,178.3,72.19,121.97,254.71
2022-05-25,224.51,347.45,183.42,71.88,124.32,249.92
2022-05-26,228.35,336.81,182.02,71.98,122.14,247.36
2022-05-27,228.53,339.21,180.8,70.72,118.36,245.17
2022-05-30,230.66,345.03,168.34,72.41,115.53,238.02
2022-05-31,235.61,331.45,169.8,73.41,115.36,234.25
2022-06-01,232.77,334.09,165.38,76.3,110.82,229.05
2022-06-02,230.82,342.46,163.64,75.0,108.64,227.28
2022-06-03,223.23,334.35,160.37,74.47,107.42,224.03
2022-06-06,219.89,345.7,159.27,74.85,104.64,216.86
2022-06-07,227.31,348.77,160.77,75.85,100.25,225.74
2022-06-08,225.9,344.03,160.88,75.56,100.88,231.5
2022-06-09,224.58,343.82,163.25,74.28,101.02,228.01
2022-06-10,226.12,347.83,167.46,75.63,102.65,229.37
2022-06-13,218.94,348.53,166.31,76.76,100.42,231.4
2022-06-14,223.19,352.46,164.8,75.39,101.99,237.03
2022-06-15,228.95,346.15,168.04,77.47,105.16,233.26
2022-06-16,230.8,347.49,171.61,79.32,105.77,238.48
2022-06-17,238.53,337.84,174.24,79.58,104.53,235.98
2022-06-20,232.32,337.26,171.0,79.74,104.89,229.8
2022-06-21,241.01,331.33,172.54,80.67,103.56,233.24
2022-06-22,237.61,326.62,173.0,79.32,101.9,239.38
2022-06-23,231.64,334.86,176.73,79.4,103.35,251.88
2022-06-24,230.66,342.33,174.79,76.02,103.11,245.97
2022-06-27,239.41,346.68,169.05,77.39,105.65,249.53
2022-06-28,239.44,339.28,171.47,75.02,104.77,247.61
2022-06-29,235.09,337.3,162.78,77.31,104.1,251.61
2022-06-30,229.12,345.65,160.48,76.84,102.98,244.34
2022-07-01,228.75,346.8,157.28,76.55,100.72,238.29
2022-07-04,219.74,363.06,154.12,75.63,102.41,234.71
2022-07-05,214.13,366.1,151.89,75.23,106.94,235.2
2022-07-06,220.85,367.69,155.66,77.4,106.18,232.3
2022-07-07,226.81,365.6,158.29,73.59,104.78,235.48
2022-07-08,226.34,366.76,157.57,75.51,103.27,240.43
2022-07-11,224.34,365.83,161.23,76.05,101.92,243.44
2022-07-12,224.72,371.19,157.88,74.26,105.34,251.44
2022-07-13,235.38,378.48,154.18,72.7,103.87,253.66
2022-07-14,237.41,372.72,156.92,75.17,102.71,247.61
2022-07-15,241.84,362.98,158.81,73.79,100.21,254.48
2022-07-18,240.99,349.83,157.43,72.12,100.85,251.53
2022-07-19,241.4,353.56,153.93,73.8,100.77,256.24
2022-07-20,244.64,345.94,158.51,74.33,98.53,264.43
2022-07-21,245.38,331.21,153.13,72.98,96.82,266.98
2022-07-22,236.19,333.95,151.38,73.33,99.83,259.12
2022-07-25,242.36,350.77,152.14,71.86,99.95,254.49
2022-07-26,239.5,350.9,157.7,73.48,100.2,261.35
2022-07-27,249.73,356.96,158.99,75.08,100.46,260.6
2022-07-28,253.29,357.73,160.6,75.91,103.32,261.14
2022-07-29,253.78,357.2,158.85,76.5,101.21,265.24
2022-08-01,256.13,363.94,160.73,79.23,100.46,269.07
2022-08-02,255.71,362.01,161.15,79.27,100.17,270.7
2022-08-03,253.35,364.13,156.11,77.44,96.77,269.71
2022-08-04,254.52,366.65,158.67,78.17,95.04,268.15
2022-08-05,259.16,361.94,161.83,81.47,97.08,272.89
2022-08-08,256.88,369.3,164.51,79.86,98.61,276.05
2022-08-09,253.81,368.19,164.7,79.32,100.5,274.76
2022-08-10,252.13,362.81,161.63,80.02,99.37,280.85
2022-08-11,257.06,366.88,154.25,79.98,98.49,280.26
2022-08-12,264.66,360.48,154.81,78.45,95.02,275.63
2022-08-15,266.7,360.86,158.24,80.25,96.84,271.58
2022-08-16,269.94,360.97,161.47,84.01,99.01,266.4
2022-08-17,266.67,368.99,164.18,84.38,101.21,265.09
2022-08-18,271.48,372.68,164.02,82.9,104.5,271.76
2022-08-19,274.61,372.68,167.67,80.37,105.44,267.52
2022-08-22,270.85,378.96,170.85,80.82,108.77,268.66
2022-08-23,261.3,389.69,169.5,82.65,108.39,265.27
2022-08-24,255.05,394.23,171.87,83.48,104.62,264.02
2022-08-25,251.77,394.51,170.12,83.51,106.47,256.18
2022-08-26,257.75,384.36,172.04,82.57,102.68,255.17
2022-08-29,265.88,376.36,167.66,80.81,103.08,254.31
2022-08-30,263.67,374.25,163.64,82.2,105.1,257.19
2022-08-31,261.66,369.88,167.19,83.74,105.84,258.47
2022-09-01,263.16,368.68,170.4,81.2,110.71,252.4
2022-09-02,263.35,369.28,172.65,83.82,106.42,258.0
2022-09-05,268.39,373.38,173.04,84.82,106.29,259.21
2022-09-06,265.71,373.04,164.85,87.24,106.38,260.37
2022-09-07,270.89,376.85,164.69,84.94,103.58,260.45
2022-09-08,269.73,377.53,166.26,82.66,101.24,257.89
2022-09-09,274.47,362.8,164.57,82.46,99.58,259.14
2022-09-12,273.12,356.17,162.31,83.33,97.44,261.73
2022-09-13,269.91,355.32,167.08,86.36,97.28,252.72
2022-09-14,280.36,346.9,166.96,87.63,96.15,250.12
2022-09-15,286.48,351.24,168.56,87.24,96.81,248.97
2022-09-16,276.35,362.16,171.25,85.5,98.12,250.37
2022-09-19,274.02,371.17,167.91,87.64,99.31,256.47
2022-09-20,280.76,369.77,168.64,86.0,98.54,252.64
2022-09-21,274.18,380.98,173.18,88.84,99.15,250.25
2022-09-22,278.55,382.31,179.57,88.38,101.25,247.81
2022-09-23,282.4,379.92,179.8,91.24,102.21,243.97
2022-09-26,278.59,375.45,179.03,92.52,106.06,242.39
2022-09-27,278.68,373.37,180.09,92.31,108.19,246.25
2022-09-28,267.17,370.65,181.05,91.4,111.97,241.18
2022-09-29,276.77,372.1,186.17,90.82,106.44,243.37
2022-09-30,275.2,373.48,182.55,91.65,106.7,235.21
2022-10-03,279.76,373.69,181.62,91.83,106.06,232.68
2022-10-04,283.33,377.15,177.65,90.79,105.85,231.27
2022-10-05,291.17,386.32,174.14,90.53,104.2,239.13
2022-10-06,288.79,393.84,175.54,90.72,105.08,237.93
2022-10-07,290.11,382.35,178.47,86.9,101.33,227.58
2022-10-10,293.5,363.01,176.25,87.74,102.2,218.59
2022-10-11,298.77,369.97,179.05,86.07,100.67,218.85
2022-10-12,305.82,360.04,183.12,84.13,99.71,221.65
2022-10-13,303.05,358.6,190.3,81.33,100.64,223.42
2022-10-14,299.18,350.39,190.66,78.45,100.85,224.28
2022-10-17,307.46,337.94,188.32,76.36,103.02,229.61
2022-10-18,295.09,341.77,184.64,75.32,101.08,227.25
2022-10-19,304.5,347.13,180.66,78.3,100.97,231.43
2022-10-20,302.82,343.3,185.27,77.51,102.81,223.99
2022-10-21,302.94,325.68,179.75,77.83,103.6,220.05
2022-10-24,298.96,322.28,184.21,78.49,104.54,212.2
2022-10-25,298.82,324.97,181.11,78.74,106.91,211.14
2022-10-26,306.56,315.52,178.71,78.65,106.09,211.05
2022-10-27,311.44,316.84,178.26,76.81,104.84,211.64
2022-10-28,314.67,316.9,175.84,79.08,106.1,212.01
2022-10-31,315.39,320.73,179.21,81.98,105.83,208.18
2022-11-01,306.42,321.66,185.8,79.26,108.26,207.49
2022-11-02,301.4,315.56,183.45,77.68,109.12,201.38
2022-11-03,299.49,323.27,181.95,77.28,107.81,206.97
2022-11-04,302.38,322.4,181.45,75.83,108.59,205.82
2022-11-07,302.95,322.39,183.5,76.63,106.69,203.91
2022-11-08,309.06,316.53,183.03,75.56,108.76,210.49
2022-11-09,312.14,313.88,188.2,78.87,105.78,205.37
2022-11-10,312.64,308.49,192.61,80.78,108.41,200.85
2022-11-11,327.02,307.57,188.14,81.17,109.16,196.55
2022-11-14,329.84,318.26,190.2,82.87,108.86,196.38
2022-11-15,327.16,309.68,196.07,84.75,110.58,198.17
2022-11-16,339.49,299.84,194.23,83.83,111.76,201.2
2022-11-17,347.81,308.82,193.19,82.51,114.79,211.65
2022-11-18,360.62,307.68,191.24,82.68,117.88,202.24
2022-11-21,360.0,303.71,189.4,84.14,118.77,204.8
2022-11-22,367.21,310.18,183.17,84.42,116.76,202.62
2022-11-23,356.72,306.58,178.4,81.8,115.55,200.34
2022-11-24,362.5,317.93,178.76,80.53,115.45,197.96
2022-11-25,361.53,322.4,184.27,80.45,118.0,194.46
2022-11-28,351.92,319.42,182.1,80.37,116.98,201.11
2022-11-29,359.36,333.36,179.85,83.58,116.17,204.6
2022-11-30,346.53,329.49,186.06,81.3,120.52,204.8
2022-12-01,333.45,334.54,182.03,82.17,120.33,210.43
2022-12-02,336.03,336.71,176.07,84.65,118.86,204.17
2022-12-05,340.04,345.64,173.24,88.54,120.77,198.84
2022-12-06,346.81,356.61,171.03,87.87,120.69,190.28
2022-12-07,352.13,357.02,165.14,88.78,117.4,187.71
2022-12-08,362.7,351.82,164.8,89.83,119.9,188.41
2022-12-09,367.97,355.23,168.01,90.23,118.17,188.89
2022-12-12,367.18,350.59,163.77,90.1,118.33,189.55
2022-12-13,366.82,364.89,164.14,90.93,118.23,184.3
2022-12-14,364.93,366.06,165.52,86.37,118.83,187.35
2022-12-15,367.27,363.57,165.33,87.59,113.69,188.34
2022-12-16,359.39,365.1,166.02,87.85,112.98,191.2
2022-12-19,362.02,355.44,166.76,87.51,115.58,184.06
2022-12-20,361.58,348.71,164.13,91.13,118.56,185.29
2022-12-21,363.75,357.26,169.14,89.95,116.27,180.99
2022-12-22,365.96,352.75,173.44,89.27,118.47,179.64
2022-12-23,348.2,345.54,177.66,92.87,116.72,181.65
2022-12-26,342.1,349.42,181.35,91.37,115.91,182.07
2022-12-27,341.52,357.88,175.72,90.41,115.22,179.06
2022-12-28,341.31,363.2,179.07,90.19,115.53,179.17
2022-12-29,343.26,370.62,181.5,91.75,117.9,173.77
2022-12-30,345.5,365.2,176.02,92.18,118.58,177.86
2023-01-02,356.15,354.99,175.35,89.84,118.34,177.22
2023-01-03,358.56,365.83,176.41,88.93,120.69,181.27
2023-01-04,356.49,363.65,182.37,87.89,118.81,179.45
2023-01-05,345.27,362.01,185.1,87.8,118.69,177.66
2023-01-06,335.99,371.81,181.99,88.59,121.11,175.04
2023-01-09,339.76,376.13,188.26,89.38,122.46,178.19
2023-01-10,347.13,379.75,188.51,86.25,121.38,175.75
2023-01-11,358.01,396.38,187.64,88.13,117.76,178.1
2023-01-12,352.26,391.48,186.51,88.62,118.55,176.83
2023-01-13,350.29,398.94,180.55,91.12,114.87,169.93
2023-01-16,352.17,399.59,180.24,91.97,114.44,168.08
2023-01-17,366.76,401.94,182.12,94.04,117.2,164.2
2023-01-18,367.79,414.43,180.81,94.97,118.65,164.39
2023-01-19,379.38,418.84,182.42,97.57,113.91,160.56
2023-01-20,380.86,423.56,179.36,98.64,114.42,163.61
2023-01-23,389.84,432.86,178.94,98.49,113.75,163.4
2023-01-24,398.04,429.91,180.17,103.02,110.91,162.9
2023-01-25,399.56,422.91,180.94,104.9,111.71,165.12
2023-01-26,391.6,414.29,175.22,106.16,110.67,168.38
2023-01-27,389.69,398.2,173.77,103.5,109.65,168.4
2023-01-30,401.49,414.78,179.69,100.89,109.97,165.89
2023-01-31,408.74,405.83,178.01,101.53,108.65,160.08
2023-02-01,405.4,404.24,178.15,101.88,108.91,157.97
2023-02-02,402.83,402.2,177.93,100.68,107.68,156.1
2023-02-03,389.09,404.88,183.6,101.01,106.57,156.51
2023-02-06,400.52,411.69,188.43,104.27,108.74,155.51
2023-02-07,407.82,418.98,191.57,105.77,111.17,157.72
2023-02-08,406.9,414.3,187.94,103.41,107.43,155.87
2023-02-09,408.74,413.12,189.38,103.23,109.09,155.77
2023-02-10,391.19,415.66,191.63,101.62,112.2,159.54
2023-02-13,387.58,413.8,189.05,100.88,115.75,160.71
2023-02-14,398.12,427.31,185.85,100.1,117.01,160.59
2023-02-15,406.13,431.72,192.28,99.19,114.59,158.74
2023-02-16,409.02,438.28,191.22,96.75,116.09,156.81
2023-02-17,409.11,444.31,197.49,96.55,114.13,154.22
2023-02-20,415.83,454.96,201.53,95.52,113.41,152.63
2023-02-21,413.7,456.84,203.27,89.97,114.33,155.01
2023-02-22,400.13,445.22,205.21,93.71,112.55,154.4
2023-02-23,400.28,449.0,199.57,95.8,110.03,150.31
2023-02-24,403.71,443.38,200.49,95.13,111.11,155.7
2023-02-27,412.97,438.91,206.28,95.21,115.31,156.78
2023-02-28,401.28,444.28,209.19,93.03,118.24,152.44
2023-03-01,400.49,455.5,209.94,96.23,119.97,151.17
2023-03-02,400.09,455.92,217.23,99.93,122.38,151.58
2023-03-03,391.48,458.97,216.54,100.29,124.0,156.83
2023-03-06,395.49,474.82,213.96,102.39,125.18,153.43
2023-03-07,401.6,477.34,214.73,102.8,127.49,156.5
2023-03-08,399.46,502.42,218.13,100.11,124.06,160.96
2023-03-09,416.08,508.36,210.74,99.33,124.62,159.02
2023-03-10,413.63,490.71,212.05,99.64,124.48,158.21
2023-03-13,410.15,498.35,215.59,98.79,124.74,155.01
2023-03-14,406.45,502.39,214.54,98.4,123.65,154.46
2023-03-15,400.02,515.6,219.39,98.27,125.0,154.42
2023-03-16,395.75,522.8,222.32,98.16,123.02,156.54
2023-03-17,384.6,521.62,231.95,98.32,121.77,160.03
2023-03-20,383.32,509.11,228.58,96.28,120.23,157.71
2023-03-21,383.95,507.23,232.49,94.95,122.37,151.59
2023-03-22,366.61,498.86,227.88,92.55,122.4,151.6
2023-03-23,366.05,493.32,220.63,94.41,121.34,152.57
2023-03-24,366.54,499.37,211.76,90.48,120.49,153.4
2023-03-27,370.49,516.3,214.15,92.62,120.56,152.48
2023-03-28,379.61,520.63,215.04,95.23,124.53,152.93
2023-03-29,386.26,508.44,213.09,94.7,121.52,157.65
2023-03-30,381.66,513.21,205.64,89.82,123.22,158.93
2023-03-31,376.23,525.75,202.9,89.21,124.44,157.82
2023-04-03,380.78,519.6,203.02,89.14,122.31,156.32
2023-04-04,376.8,518.47,206.34,87.39,125.96,155.87
2023-04-05,367.73,518.88,206.38,86.53,127.38,161.05
2023-04-06,385.38,511.0,207.52,89.22,126.15,160.54
2023-04-07,383.18,517.88,206.06,90.45,121.52,160.55
2023-04-10,378.57,516.88,213.37,88.83,122.14,159.09
2023-04-11,362.16,521.48,209.14,86.03,122.09,162.66
2023-04-12,368.51,512.48,206.32,85.51,119.63,169.12
2023-04-13,361.41,508.26,204.39,85.19,117.2,170.73
2023-04-14,361.8,515.85,206.71,86.08,119.29,171.1
2023-04-17,368.99,512.27,202.52,85.2,114.68,171.31
2023-04-18,362.0,530.21,203.17,86.11,115.46,163.22
2023-04-19,362.75,526.24,203.94,89.49,115.09,165.74
2023-04-20,373.99,528.87,201.21,90.99,116.29,166.27
2023-04-21,355.8,539.0,202.64,90.95,115.66,167.77
2023-04-24,350.21,523.98,198.65,90.66,116.4,165.47
2023-04-25,344.05,505.79,194.32,90.06,114.73,164.28
2023-04-26,342.94,490.61,194.8,92.23,114.67,163.01
2023-04-27,342.78,503.24,188.43,91.12,115.85,166.42
2023-04-28,335.68,497.94,180.44,91.25,116.26,165.25
2023-05-01,331.45,523.66,182.45,91.39,117.2,172.21
2023-05-02,326.49,518.02,186.37,90.52,115.09,173.78
2023-05-03,324.36,520.19,184.73,88.08,113.78,169.44
2023-05-04,325.94,536.49,182.35,88.69,112.54,169.09
2023-05-05,332.04,558.28,186.11,88.63,111.97,166.97
2023-05-08,339.21,581.58,181.94,89.56,115.07,159.72
2023-05-09,343.82,595.93,177.07,88.65,114.31,164.91
2023-05-10,337.98,608.43,179.66,90.86,111.75,167.31
2023-05-11,338.13,615.95,179.79,89.31,113.02,169.18
2023-05-12,354.35,625.84,183.7,92.41,116.12,169.82
2023-05-15,361.72,619.26,175.93,89.23,113.25,165.22
2023-05-16,358.71,609.43,171.09,90.05,117.77,163.7
2023-05-17,370.24,609.7,171.23,90.95,118.81,166.54
2023-05-18,367.55,607.93,172.74,89.55,121.33,163.12
2023-05-19,362.82,602.72,175.76,90.35,124.95,154.94
2023-05-22,373.13,611.41,176.46,92.71,127.44,154.32
2023-05-23,363.55,623.4,177.13,88.65,127.22,153.96
2023-05-24,349.81,624.82,175.84,89.58,130.38,154.45
2023-05-25,356.57,643.59,181.52,85.16,131.11,156.78
2023-05-26,356.95,629.22,177.61,83.56,134.04,158.85
2023-05-29,358.04,627.1,178.97,86.32,137.32,159.76
2023-05-30,355.63,618.42,175.52,85.36,134.4,163.66
2023-05-31,354.11,595.64,177.49,83.4,136.6,158.77
2023-06-01,351.04,594.95,173.9,83.11,136.17,160.45
2023-06-02,346.82,593.8,176.57,86.59,136.61,162.54
2023-06-05,344.35,612.07,177.05,83.46,137.03,158.59
2023-06-06,341.67,620.1,183.32,81.75,137.34,153.9
2023-06-07,336.18,607.71,182.38,84.24,141.59,151.68
2023-06-08,332.68,630.55,184.02,87.41,137.79,149.75
2023-06-09,316.2,646.26,181.25,87.27,133.11,152.08
2023-06-12,320.69,654.11,180.29,85.15,128.03,150.29
2023-06-13,323.35,651.47,180.76,88.76,130.83,147.79
2023-06-14,322.96,639.3,175.33,91.64,128.88,146.06
2023-06-15,324.66,634.86,170.45,92.93,129.28,149.4
2023-06-16,326.59,649.0,172.58,91.47,129.05,149.51
2023-06-19,322.03,673.79,172.16,91.42,126.83,149.05
2023-06-20,318.76,694.92,170.21,91.18,129.05,148.8
2023-06-21,322.29,688.47,167.78,91.82,128.78,152.72
2023-06-22,323.79,673.4,165.52,94.53,128.24,150.51
2023-06-23,337.18,675.64,165.98,96.24,128.9,154.54
2023-06-26,348.27,652.08,167.54,94.22,130.82,155.27
2023-06-27,354.94,656.62,160.61,96.86,128.38,154.85
2023-06-28,349.71,655.01,165.23,97.52,130.68,162.67
2023-06-29,345.94,649.23,169.75,98.9,134.54,159.32
2023-06-30,339.18,628.85,161.92,101.85,130.77,158.27
2023-07-03,341.25,635.62,165.52,99.64,131.56,154.45
2023-07-04,322.71,629.17,169.09,99.62,130.82,157.47
2023-07-05,319.91,614.76,169.18,98.61,132.72,162.87
2023-07-06,318.11,579.75,164.87,95.57,129.56,168.39
2023-07-07,308.57,579.72,168.3,96.28,133.84,172.59
2023-07-10,313.65,600.56,167.58,101.16,129.6,172.0
2023-07-11,306.66,620.82,169.5,97.49,129.04,170.83
2023-07-12,308.45,615.45,177.11,97.48,130.22,165.2
2023-07-13,325.78,608.35,178.09,98.77,128.5,172.01
2023-07-14,315.45,614.35,174.91,99.07,126.4,173.71
2023-07-17,314.67,602.39,173.82,98.89,127.02,172.09
2023-07-18,312.26,606.33,171.17,96.37,127.28,176.75
2023-07-19,308.66,615.92,172.74,96.87,127.36,173.4
2023-07-20,313.51,631.35,170.04,95.45,129.61,174.89
2023-07-21,320.6,630.4,168.52,91.32,128.65,174.38
2023-07-24,325.71,628.14,164.27,93.54,129.54,176.69
2023-07-25,321.16,617.43,163.92,95.38,128.29,176.55
2023-07-26,336.95,607.53,164.58,95.53,126.18,171.52
2023-07-27,325.19,605.08,155.83,96.02,125.52,171.86
2023-07-28,318.64,609.83,156.71,98.13,124.33,175.56
2023-07-31,319.88,621.27,156.65,98.62,123.28,175.54
2023-08-01,320.61,611.61,154.33,100.45,126.21,178.35
2023-08-02,323.9,630.17,160.67,99.9,125.63,174.71
2023-08-03,334.3,627.07,163.83,102.57,124.03,174.7
2023-08-04,333.66,627.11,160.32,103.28,124.16,172.61
2023-08-07,334.59,618.05,163.09,103.73,124.48,175.28
2023-08-08,330.78,588.4,167.23,101.15,121.59,175.47
2023-08-09,334.84,599.1,167.75,101.78,120.93,177.98
2023-08-10,332.87,608.22,169.05,100.14,120.17,181.94
2023-08-11,330.91,605.11,170.28,98.91,119.81,184.55
2023-08-14,334.68,606.22,163.26,97.35,121.61,185.65
2023-08-15,341.77,612.78,162.73,95.32,122.01,182.04
2023-08-16,326.85,593.93,162.03,99.42,125.06,182.12
2023-08-17,329.37,587.95,166.75,102.12,125.1,180.27
2023-08-18,327.75,597.58,167.95,106.09,129.6,179.12
2023-08-21,334.13,582.89,167.03,103.55,128.47,177.87
2023-08-22,332.63,586.6,166.81,103.75,126.56,174.47
2023-08-23,341.45,570.98,170.31,101.11,128.01,167.73
2023-08-24,337.0,576.59,169.77,99.76,131.57,165.57
2023-08-25,322.13,576.47,167.48,97.98,128.0,166.29
2023-08-28,329.07,558.14,166.64,100.45,127.56,161.89
2023-08-29,323.68,571.42,169.86,99.71,126.07,162.02
2023-08-30,313.62,563.31,171.63,101.89,126.49,168.26
2023-08-31,313.87,554.46,171.87,103.17,126.58,171.79
2023-09-01,312.53,556.96,172.61,107.98,130.05,177.52
2023-09-04,317.83,570.03,170.77,104.83,129.83,179.0
2023-09-05,323.66,558.74,170.19,107.53,133.47,183.27
2023-09-06,324.44,559.71,168.02,110.05,132.69,180.71
2023-09-07,318.86,564.79,167.11,107.96,135.22,178.47
2023-09-08,320.85,572.9,171.69,110.19,135.9,168.78
2023-09-11,322.07,575.21,168.08,110.98,140.67,172.87
2023-09-12,325.9,571.27,165.85,110.53,136.59,178.28
2023-09-13,320.36,562.1,161.77,108.77,133.48,176.4
2023-09-14,317.95,563.35,157.09,107.26,138.43,175.59
2023-09-15,321.35,551.55,156.58,111.71,136.47,173.03
2023-09-18,329.53,519.6,154.73,111.77,134.71,174.44
2023-09-19,336.06,524.4,160.25,113.57,132.42,178.45
2023-09-20,336.78,534.14,159.43,111.83,135.53,172.32
2023-09-21,333.67,509.17,163.62,110.14,132.2,173.82
2023-09-22,336.53,499.14,166.87,112.58,132.32,172.94
2023-09-25,329.35,505.57,166.26,109.6,131.69,173.42
2023-09-26,324.13,526.63,173.35,108.74,134.48,175.1
2023-09-27,334.08,527.11,174.37,108.87,133.03,174.53
2023-09-28,336.94,519.7,179.74,109.17,134.21,174.26
2023-09-29,334.76,518.06,184.85,108.83,131.13,173.6
2023-10-02,340.48,532.56,186.47,109.75,137.16,177.05
2023-10-03,349.42,525.95,189.37,111.32,136.57,178.62
2023-10-04,346.48,517.8,191.82,113.02,136.66,179.5
2023-10-05,343.69,513.06,187.53,110.84,141.25,175.03
2023-10-06,340.07,503.54,187.84,110.27,139.67,173.79
2023-10-09,346.79,505.02,191.97,112.96,144.39,177.0
2023-10-10,353.72,521.69,197.92,115.04,143.28,177.22
2023-10-11,363.7,525.32,195.17,111.94,145.27,179.65
2023-10-12,371.22,522.93,197.33,112.78,143.68,186.09
2023-10-13,359.29,520.14,198.03,108.37,139.86,190.04
2023-10-16,361.48,504.14,197.66,108.53,141.09,190.49
2023-10-17,354.01,513.29,199.16,112.7,142.96,188.64
2023-10-18,350.56,512.75,200.13,110.62,139.27,179.1
2023-10-19,351.93,511.16,202.4,108.83,138.49,178.59
2023-10-20,357.99,544.06,208.34,110.55,141.88,177.51
2023-10-23,351.79,547.58,211.71,107.19,143.66,178.99
2023-10-24,335.61,539.62,213.13,105.89,142.59,178.53
2023-10-25,336.99,535.29,221.18,107.21,140.96,177.47
2023-10-26,354.97,547.85,226.2,105.9,146.52,171.25
2023-10-27,353.71,549.37,225.9,105.45,142.36,168.11
2023-10-30,354.22,533.84,220.51,107.08,142.26,169.8
2023-10-31,367.02,543.92,216.27,108.03,138.16,175.71
2023-11-01,371.54,536.92,220.41,108.66,141.86,175.46
2023-11-02,373.33,557.31,217.74,107.98,141.91,176.69
2023-11-03,376.82,569.62,213.46,108.83,142.49,180.15
2023-11-06,378.9,564.81,210.33,108.62,150.45,177.32
2023-11-07,370.45,579.57,207.55,109.67,148.74,178.71
2023-11-08,360.7,580.64,211.18,108.63,154.02,176.15
2023-11-09,374.49,590.84,210.62,108.29,152.89,179.28
2023-11-10,376.05,596.86,204.95,106.2,152.26,179.92
2023-11-13,376.99,587.06,205.18,106.18,160.36,181.08
2023-11-14,376.5,579.79,206.19,104.51,159.93,178.34
2023-11-15,382.57,592.03,204.32,102.23,155.61,180.95
2023-11-16,402.19,588.36,209.15,102.81,156.57,188.58
2023-11-17,406.6,583.9,207.49,103.3,156.1,184.87
2023-11-20,402.02,573.04,212.19,104.97,157.33,183.71
2023-11-21,401.15,578.18,214.83,104.12,156.99,184.65
2023-11-22,409.94,602.32,218.92,105.02,164.02,187.65
2023-11-23,405.37,589.76,214.22,106.23,165.93,185.64
2023-11-24,412.48,590.34,214.75,107.23,162.45,175.22
2023-11-27,393.54,607.31,214.63,105.51,162.93,180.07
2023-11-28,391.93,606.65,208.63,105.88,160.41,182.9
2023-11-29,397.05,612.44,213.35,106.7,159.69,176.61
2023-11-30,407.34,599.73,209.97,106.77,156.87,174.56
2023-12-01,400.87,605.17,207.51,102.37,163.55,180.12
2023-12-04,389.02,603.21,203.41,102.75,161.37,185.42
2023-12-05,387.19,615.4,206.36,107.35,163.67,189.0
2023-12-06,378.67,630.32,200.17,106.63,162.7,188.43
2023-12-07,377.73,663.28,202.74,105.13,159.01,188.83
2023-12-08,377.87,671.3,207.08,105.97,159.72,188.43
2023-12-11,368.09,676.01,209.41,106.68,161.08,192.78
2023-12-12,374.19,678.98,212.5,109.28,162.96,189.5
2023-12-13,373.2,674.52,215.83,106.58,154.49,186.54
2023-12-14,381.46,679.43,211.84,108.2,150.75,190.4
2023-12-15,367.57,675.75,218.03,109.53,153.72,190.33
2023-12-18,360.28,678.37,216.13,109.27,150.95,195.67
2023-12-19,364.18,696.58,215.95,110.07,151.64,193.14
2023-12-20,358.54,682.91,214.62,112.39,147.9,193.02
2023-12-21,357.54,698.82,216.84,114.4,150.14,189.56
2023-12-22,357.73,717.58,214.61,111.85,153.01,189.68
2023-12-25,359.04,716.24,215.01,113.74,155.33,184.17
2023-12-26,354.35,686.2,209.8,113.65,158.61,182.46
2023-12-27,355.59,678.21,214.79,113.87,163.65,177.31
2023-12-28,350.2,696.14,217.78,114.09,159.89,179.86
2023-12-29,355.1,696.17,216.62,113.81,157.45,182.53
2024-01-01,354.46,682.6,214.69,116.58,160.36,176.31
2024-01-02,355.73,676.05,217.57,116.44,164.06,181.1
2024-01-03,374.2,687.76,214.6,113.89,161.93,190.23
2024-01-04,366.1,695.62,215.25,113.05,159.6,190.5
2024-01-05,376.45,692.64,220.35,113.51,157.6,188.16
2024-01-08,356.61,687.91,216.89,116.36,152.62,198.88
2024-01-09,341.97,682.86,218.6,117.82,148.82,193.73
2024-01-10,333.65,670.61,220.09,115.88,145.18,193.91
2024-01-11,325.96,692.61,219.77,121.69,144.4,194.7
2024-01-12,327.45,688.49,217.66,122.4,145.25,200.04
2024-01-15,329.52,705.59,223.06,125.58,146.58,201.58
2024-01-16,328.0,727.41,220.51,125.26,145.16,199.67
2024-01-17,327.18,742.3,212.62,126.66,143.83,195.97
2024-01-18,330.8,736.27,215.46,128.85,144.26,194.73
2024-01-19,336.48,742.58,210.39,132.06,140.02,190.9
2024-01-22,327.72,742.59,213.4,134.91,142.77,191.18
2024-01-23,325.51,729.54,219.21,137.33,146.51,189.12
2024-01-24,325.22,734.64,222.08,136.54,144.75,183.56
2024-01-25,328.54,717.68,226.95,135.05,143.67,188.26
2024-01-26,323.63,735.09,236.23,136.01,147.32,186.48
2024-01-29,323.21,728.62,240.92,138.62,147.03,181.85
2024-01-30,323.57,731.92,242.63,138.07,148.83,181.32
2024-01-31,319.17,736.43,250.68,141.08,148.63,181.66
2024-02-01,314.68,732.99,259.6,145.25,153.33,175.41
2024-02-02,315.46,741.96,268.91,142.66,154.91,176.66
2024-02-05,314.79,735.28,266.4,140.34,156.69,173.05
2024-02-06,318.1,748.46,259.32,140.02,158.54,179.06
2024-02-07,311.56,728.69,256.58,140.95,156.86,181.02
2024-02-08,309.53,730.89,260.32,139.54,155.48,179.66
2024-02-09,308.27,759.6,261.28,143.39,157.95,177.08
2024-02-12,313.44,744.78,260.33,144.67,158.43,176.79
2024-02-13,307.7,735.06,263.38,144.86,154.78,179.05
2024-02-14,309.3,742.98,255.76,140.77,160.65,179.05
2024-02-15,311.02,746.02,256.61,137.14,163.88,178.36
2024-02-16,321.41,751.63,262.48,137.98,164.08,178.66
2024-02-19,315.1,759.36,265.5,132.16,163.27,176.59
2024-02-20,311.12,769.38,269.3,134.9,164.0,175.46
2024-02-21,305.44,786.84,278.04,134.54,165.78,168.23
2024-02-22,295.39,793.68,277.81,143.34,159.12,171.59
2024-02-23,305.96,790.25,274.32,150.03,165.92,172.7
2024-02-26,298.52,801.27,280.99,149.56,163.38,170.12
2024-02-27,293.8,832.12,287.71,149.31,163.46,176.66
2024-02-28,301.67,830.33,291.06,152.36,163.65,177.06
2024-02-29,291.25,814.56,290.28,157.63,170.27,173.48
2024-03-01,295.8,833.0,290.43,152.54,170.06,176.54
2024-03-04,287.59,831.41,283.16,147.17,175.55,178.03
2024-03-05,294.9,795.7,289.6,145.41,177.06,179.53
2024-03-06,282.25,809.58,295.99,147.18,173.74,178.09
2024-03-07,272.49,801.32,288.37,148.72,174.3,179.78
2024-03-08,269.66,800.27,293.52,151.97,173.97,178.93
2024-03-11,275.04,805.98,296.04,148.4,170.29,181.01
2024-03-12,275.0,809.46,290.14,141.6,171.59,174.2
2024-03-13,273.3,821.35,283.28,144.1,171.75,172.78
2024-03-14,280.79,814.61,285.54,141.79,173.75,178.82
2024-03-15,293.03,823.37,283.41,136.13,174.51,176.16
2024-03-18,297.12,819.51,293.87,136.6,172.32,174.12
2024-03-19,293.57,832.03,299.62,138.83,175.06,172.65
2024-03-20,291.26,842.69,302.61,138.56,172.96,168.54
2024-03-21,283.9,827.34,305.92,137.36,162.32,161.18
2024-03-22,284.61,845.72,314.22,136.99,162.82,160.52
2024-03-25,275.48,837.08,319.7,136.05,161.1,161.04
2024-03-26,278.66,851.03,323.05,132.45,162.41,160.95
2024-03-27,289.97,857.7,316.88,130.62,168.98,160.56
2024-03-28,294.28,889.67,336.44,132.05,175.92,160.78
2024-03-29,291.67,886.13,329.19,132.96,175.43,164.15
2024-04-01,294.89,880.39,327.29,133.48,172.62,163.61
2024-04-02,304.59,880.49,316.63,130.89,174.72,161.81
2024-04-03,314.31,875.59,320.2,130.48,173.52,160.98
2024-04-04,308.16,890.03,321.32,124.86,174.96,162.93
2024-04-05,311.46,861.71,326.4,125.37,172.74,167.61
2024-04-08,310.63,843.98,315.21,129.01,173.69,165.59
2024-04-09,315.79,826.38,322.39,125.28,170.96,166.0
2024-04-10,318.38,842.5,317.34,123.87,175.09,167.2
2024-04-11,303.45,871.74,316.56,124.75,173.11,163.97
2024-04-12,301.48,870.36,322.61,127.94,175.49,164.12
2024-04-15,302.83,867.85,324.46,126.85,171.14,159.39
2024-04-16,294.3,869.5,326.77,125.16,173.9,153.83
2024-04-17,297.86,890.14,332.16,120.29,170.62,155.03
2024-04-18,288.93,874.08,335.18,120.6,171.6,153.92
2024-04-19,284.46,878.68,333.06,125.59,175.2,154.62
2024-04-22,292.24,896.26,332.11,126.35,174.58,154.64
2024-04-23,287.22,905.69,333.69,126.35,171.08,151.7
2024-04-24,290.66,909.58,327.88,127.23,172.86,151.64
2024-04-25,280.61,928.24,334.57,127.27,170.04,147.97
2024-04-26,292.43,878.52,336.67,125.26,168.75,152.17
2024-04-29,290.8,890.87,337.34,127.39,169.73,148.11
2024-04-30,291.5,879.66,345.56,128.03,174.43,147.61
2024-05-01,292.69,847.89,344.9,128.13,174.61,144.61
2024-05-02,296.39,856.99,343.81,125.7,174.78,146.33
2024-05-03,287.53,880.96,340.65,129.04,177.45,145.43
2024-05-06,287.64,878.98,343.16,130.82,177.71,143.99
2024-05-07,284.0,896.17,345.45,129.44,180.06,146.52
2024-05-08,274.54,925.51,341.02,132.1,184.04,146.68
2024-05-09,280.1,950.32,339.98,130.85,182.92,148.27
2024-05-10,278.27,981.96,335.66,128.87,171.03,145.44
2024-05-13,279.76,997.03,331.1,126.97,168.32,141.42
2024-05-14,280.9,999.03,319.81,122.54,172.47,141.8
2024-05-15,279.16,967.52,318.49,123.76,172.44,140.96
2024-05-16,290.33,963.24,307.81,119.29,171.36,142.8
2024-05-17,290.2,947.48,305.11,116.41,175.44,142.64
2024-05-20,281.3,989.09,301.53,111.64,175.18,143.3
2024-05-21,279.19,986.11,308.02,111.5,167.93,138.72
2024-05-22,282.12,989.03,301.92,111.22,162.96,144.03
2024-05-23,285.27,1000.43,297.48,110.55,164.41,143.63
2024-05-24,279.2,1001.81,295.36,108.3,164.27,145.7
2024-05-27,284.53,1036.27,292.08,105.82,169.13,143.34
2024-05-28,274.64,1023.88,300.22,106.85,166.73,144.29
2024-05-29,281.07,1028.38,293.54,105.73,165.79,140.61
2024-05-30,273.79,1013.62,291.46,106.45,162.94,141.95
2024-05-31,272.69,987.37,293.54,104.62,161.32,141.01
2024-06-03,278.63,975.78,298.86,105.05,155.3,141.16
2024-06-04,279.44,975.55,296.73,107.84,154.18,143.2
2024-06-05,284.14,967.66,285.5,109.16,154.09,139.74
2024-06-06,287.8,954.74,284.78,108.32,153.75,137.9
2024-06-07,295.35,928.37,292.63,108.93,160.44,139.23
2024-06-10,301.77,927.29,294.42,108.46,166.4,145.14
2024-06-11,299.18,899.85,295.96,108.53,163.99,144.81
2024-06-12,303.12,913.97,289.82,107.88,157.36,146.6
2024-06-13,294.01,915.94,283.21,107.57,157.13,146.36
2024-06-14,293.82,889.7,283.45,108.08,158.39,152.12
2024-06-17,298.78,884.64,275.51,105.99,155.75,146.88
2024-06-18,299.73,871.77,279.95,103.89,153.3,147.23
2024-06-19,302.55,877.77,275.35,101.06,158.23,142.52
2024-06-20,301.41,901.74,275.35,97.87,157.49,135.44
2024-06-21,308.37,868.38,265.1,95.54,159.65,136.32
2024-06-24,308.03,870.81,263.15,95.89,156.76,136.76
2024-06-25,305.32,868.46,257.04,94.23,156.66,136.05
2024-06-26,310.88,880.55,245.23,95.24,155.69,135.83
2024-06-27,302.3,884.75,248.01,95.36,153.66,144.32
2024-06-28,305.48,871.88,256.28,91.65,157.29,143.64
2024-07-01,299.26,866.75,262.19,92.9,153.0,145.18
2024-07-02,307.06,853.39,265.9,94.45,153.99,143.37
2024-07-03,305.61,872.18,263.83,92.62,152.98,144.29
2024-07-04,306.59,872.99,268.21,93.44,154.32,143.67
2024-07-05,309.27,906.62,274.91,91.89,153.35,142.56
2024-07-08,297.49,905.97,275.8,92.12,156.08,147.82
2024-07-09,293.77,893.59,269.41,89.83,153.23,151.38
2024-07-10,300.05,866.98,266.85,86.66,156.85,151.87
2024-07-11,305.41,836.15,276.07,86.04,156.84,144.94
2024-07-12,307.29,810.08,275.8,85.87,152.75,143.97
2024-07-15,299.15,814.81,257.6,85.23,154.9,151.82
2024-07-16,302.8,823.51,250.16,83.25,154.37,151.2
2024-07-17,307.27,797.88,248.16,82.63,149.17,154.61
2024-07-18,307.72,812.56,253.42,83.11,150.24,159.15
2024-07-19,315.4,805.11,252.17,83.08,153.34,159.92
2024-07-22,311.24,807.88,257.61,83.42,157.35,157.31
2024-07-23,308.23,834.33,255.03,82.35,156.23,149.73
2024-07-24,293.06,849.72,245.14,84.32,156.77,151.85
2024-07-25,298.6,845.58,242.85,82.38,157.0,149.45
2024-07-26,300.62,830.93,244.65,83.22,161.76,150.05
2024-07-29,290.66,795.59,246.05,85.23,159.22,146.38
2024-07-30,280.59,784.54,240.0,86.09,157.82,145.67
2024-07-31,275.83,781.62,238.43,85.79,155.26,145.85
2024-08-01,280.34,766.58,251.35,84.92,150.84,146.7
2024-08-02,278.8,764.95,245.28,86.73,151.66,143.5
2024-08-05,274.45,766.51,248.64,84.3,156.6,147.01
2024-08-06,269.07,763.44,238.34,82.71,156.05,145.33
2024-08-07,263.55,753.9,242.58,82.09,153.38,140.54
2024-08-08,253.49,756.82,238.37,84.16,154.03,140.3
2024-08-09,247.49,763.89,240.41,84.85,155.92,140.47
2024-08-12,242.32,747.61,234.32,83.25,155.51,140.99
2024-08-13,245.75,769.08,235.8,82.77,159.95,144.9
2024-08-14,245.05,767.95,231.63,81.79,157.43,144.29
2024-08-15,241.13,768.62,228.43,80.67,156.61,144.01
2024-08-16,252.39,779.89,230.57,82.29,157.61,140.91
2024-08-19,249.16,783.92,228.7,80.08,158.93,143.29
2024-08-20,255.11,799.26,230.55,82.69,159.16,143.89
2024-08-21,263.5,804.25,229.79,84.11,155.17,142.75
2024-08-22,255.36,794.8,230.21,85.98,162.51,137.39
2024-08-23,255.87,800.94,232.38,85.23,161.82,141.42
2024-08-26,253.35,783.02,230.86,85.02,162.26,138.02
2024-08-27,250.44,785.11,226.38,82.62,164.34,136.46
2024-08-28,253.35,784.98,224.08,81.8,162.33,137.51
2024-08-29,250.32,782.11,229.55,82.64,162.6,134.28
2024-08-30,247.96,780.49,230.2,84.83,160.48,130.34
2024-09-02,247.25,751.5,226.43,82.99,161.89,124.87
2024-09-03,245.53,743.63,228.36,82.43,161.08,126.73
2024-09-04,239.89,745.39,230.61,82.22,162.02,125.41
2024-09-05,243.82,748.14,233.12,79.97,158.71,132.82
2024-09-06,249.06,733.14,228.68,80.95,156.16,130.24
2024-09-09,250.9,752.06,225.67,79.82,151.98,127.91
2024-09-10,249.13,739.41,222.73,79.55,149.89,126.53
2024-09-11,245.74,754.12,221.24,78.87,142.25,127.2
2024-09-12,242.41,760.94,223.73,77.66,141.45,126.07
2024-09-13,253.96,751.48,225.17,77.69,140.01,127.68
2024-09-16,258.85,778.54,226.97,77.39,140.5,125.24
2024-09-17,254.63,760.34,233.23,76.86,140.7,121.85
2024-09-18,255.59,774.7,236.56,75.78,144.3,117.52
2024-09-19,253.87,790.59,236.01,76.3,151.86,112.36
2024-09-20,256.96,780.38,230.54,78.86,155.39,111.25
2024-09-23,259.88,802.51,227.36,79.12,154.06,110.63
2024-09-24,265.64,798.9,226.28,80.74,152.62,109.29
2024-09-25,261.26,803.91,230.15,78.53,155.35,112.07
2024-09-26,261.93,808.5,230.14,78.82,150.2,114.87
2024-09-27,252.91,806.73,227.23,77.13,149.32,114.16
2024-09-30,246.67,820.21,224.02,74.89,148.69,110.12
2024-10-01,251.16,833.64,223.82,73.82,150.5,108.93
2024-10-02,246.51,804.9,227.91,75.61,152.42,107.68
2024-10-03,242.48,826.3,235.28,77.09,150.23,106.32
2024-10-04,242.57,799.24,234.43,77.5,149.06,104.89
2024-10-07,246.06,816.15,234.34,75.17,150.46,103.57
2024-10-08,240.96,834.95,228.76,74.91,148.13,102.82
2024-10-09,224.31,817.15,237.75,75.4,151.78,101.56
2024-10-10,220.51,810.84,231.21,75.7,153.7,102.04
2024-10-11,225.94,793.32,236.74,72.95,154.31,102.82
2024-10-14,227.61,790.3,235.13,71.68,155.59,101.0
2024-10-15,233.75,785.83,232.43,71.63,154.22,103.62
2024-10-16,228.57,798.47,227.38,72.43,152.36,101.64
2024-10-17,221.19,819.8,238.46,69.29,151.14,98.4
2024-10-18,223.35,843.09,239.63,69.1,152.73,99.2
2024-10-21,224.53,834.03,239.86,69.33,153.42,97.63
2024-10-22,226.02,830.96,244.23,70.54,152.2,98.31
2024-10-23,230.35,803.4,241.17,71.55,154.56,93.63
2024-10-24,232.4,790.85,241.3,72.42,154.1,96.28
2024-10-25,234.41,806.51,241.69,71.3,152.04,97.63
2024-10-28,237.88,832.97,239.34,68.62,152.89,94.75
2024-10-29,240.38,812.83,245.2,68.11,149.87,91.99
2024-10-30,244.63,803.6,244.25,69.51,144.88,95.11
2024-10-31,249.68,803.58,236.79,71.48,144.94,93.76
2024-11-01,257.46,808.48,235.48,72.53,143.11,92.24
2024-11-04,254.24,795.8,236.77,73.19,142.45,88.11
2024-11-05,256.81,802.94,232.66,73.78,139.77,87.53
2024-11-06,255.04,795.73,228.98,73.0,143.22,87.18
2024-11-07,250.92,795.9,226.59,72.85,141.4,88.47
2024-11-08,247.58,805.0,232.24,75.32,140.25,86.04
2024-11-11,250.16,805.5,230.1,73.93,141.38,83.46
2024-11-12,252.37,798.87,236.79,76.36,137.55,84.26
2024-11-13,254.52,797.52,233.99,75.9,133.63,86.0
2024-11-14,253.5,796.51,235.63,77.95,134.72,83.34
2024-11-15,253.64,791.02,233.65,75.8,133.59,85.18
2024-11-18,257.92,787.32,237.29,76.73,131.24,85.29
2024-11-19,250.36,812.88,232.1,75.63,132.89,87.19
2024-11-20,250.61,822.41,235.66,73.53,130.8,87.11
2024-11-21,251.19,817.96,236.32,73.89,130.15,82.76
2024-11-22,255.1,829.77,233.41,75.42,127.88,82.55
2024-11-25,248.34,824.65,232.75,74.18,128.72,84.35
2024-11-26,255.89,844.41,240.01,71.99,132.21,82.88
2024-11-27,257.11,851.07,240.79,71.9,127.36,82.28
2024-11-28,258.61,849.67,237.53,71.81,127.71,82.03
2024-11-29,256.66,857.7,231.92,72.63,129.96,77.31
2024-12-02,259.55,831.19,234.38,74.05,128.93,79.94
2024-12-03,259.93,812.87,235.42,74.0,126.08,78.54
2024-12-04,266.35,793.87,238.81,76.78,127.2,79.37
2024-12-05,258.8,796.53,231.94,77.16,129.82,79.27
2024-12-06,259.84,824.53,226.62,76.67,132.19,81.3
2024-12-09,262.09,861.74,231.93,74.23,133.23,82.01
2024-12-10,261.24,873.17,233.59,73.88,133.55,81.66
2024-12-11,259.26,882.35,236.19,73.42,131.22,80.24
2024-12-12,257.51,851.01,231.76,74.87,133.56,81.56
2024-12-13,258.54,842.2,227.33,75.6,135.79,78.55
2024-12-16,249.31,829.35,231.95,73.85,132.76,79.6
2024-12-17,254.24,819.46,236.89,74.14,133.8,77.89
2024-12-18,251.93,817.12,231.85,75.18,135.61,79.88
2024-12-19,252.7,809.81,226.03,77.51,138.07,80.18
2024-12-20,254.68,778.16,225.66,78.93,137.93,81.25
2024-12-23,252.13,790.19,222.16,80.17,135.64,81.43
2024-12-24,251.6,773.63,218.63,80.3,134.34,78.61
2024-12-25,241.48,777.72,213.26,80.97,131.7,77.3
2024-12-26,245.14,810.37,211.37,83.03,131.63,78.38
2024-12-27,250.55,795.87,206.6,80.86,131.05,78.68
2024-12-30,242.16,756.0,202.17,80.33,136.74,80.58
2024-12-31,240.31,752.05,203.48,79.13,139.25,81.27
2025-01-01,234.52,768.99,203.36,79.77,142.02,79.74
2025-01-02,233.8,799.49,205.43,81.77,143.43,78.51
2025-01-03,236.95,780.23,198.76,80.84,142.45,78.71
2025-01-06,241.75,788.37,198.9,77.01,141.74,75.1
2025-01-07,247.29,781.43,207.26,76.42,141.29,77.65
2025-01-08,253.9,780.16,205.82,77.85,141.89,78.38
2025-01-09,252.9,821.81,209.31,78.73,143.07,80.34
2025-01-10,247.22,797.52,212.83,79.44,143.14,77.84
2025-01-13,246.78,801.97,216.62,79.04,142.38,79.82
2025-01-14,250.03,809.87,217.45,77.05,140.76,83.42
2025-01-15,244.02,827.86,220.03,77.89,136.91,81.26
2025-01-16,252.24,829.9,223.21,76.63,140.49,82.55
2025-01-17,256.9,835.42,226.16,80.01,146.76,82.6
2025-01-20,255.96,829.3,221.22,80.97,150.35,80.09
2025-01-21,252.45,834.18,213.77,80.07,146.64,80.92
2025-01-22,249.2,828.87,207.24,79.13,149.02,82.31
2025-01-23,249.69,839.59,206.22,79.02,152.15,81.36
2025-01-24,248.67,833.8,208.78,78.68,151.0,83.29
2025-01-27,253.52,840.5,204.27,80.48,152.55,80.56
2025-01-28,251.91,840.43,208.15,80.82,151.23,78.19
2025-01-29,254.59,859.78,206.16,79.68,155.93,78.44
2025-01-30,254.57,859.33,204.23,82.73,157.15,78.52
2025-01-31,256.07,829.28,200.92,82.85,154.35,77.44
2025-02-03,255.02,850.63,193.44,84.17,156.49,78.73
2025-02-04,258.75,835.64,194.43,83.18,159.88,79.61
2025-02-05,262.62,825.14,201.19,83.83,160.6,81.01
2025-02-06,265.17,815.72,201.03,84.39,162.22,80.85
2025-02-07,268.52,838.55,193.69,81.25,162.07,81.87
2025-02-10,263.58,803.15,196.81,84.56,158.48,81.18
2025-02-11,265.42,853.96,190.52,86.79,158.07,84.55
2025-02-12,272.18,872.42,186.0,86.14,159.81,83.22
2025-02-13,275.0,876.75,185.21,84.28,159.48,86.77
2025-02-14,269.46,876.23,185.76,84.91,162.11,86.87
2025-02-17,269.33,881.67,182.1,85.1,160.92,84.53
2025-02-18,271.49,891.3,181.18,85.75,159.95,86.88
2025-02-19,267.51,903.25,183.87,86.12,162.69,87.14
2025-02-20,260.38,913.73,187.09,87.04,163.49,88.67
2025-02-21,258.86,915.83,191.87,89.6,162.23,90.88
2025-02-24,255.15,912.67,199.29,90.66,165.66,91.54
2025-02-25,255.21,910.37,202.62,88.8,163.46,90.51
2025-02-26,247.21,907.27,201.84,91.27,161.17,92.32
2025-02-27,250.13,928.3,205.41,94.31,152.13,92.36
2025-02-28,247.08,939.78,207.43,100.3,150.52,93.68
2025-03-03,252.12,884.99,209.64,98.1,154.53,89.69
2025-03-04,250.85,897.04,210.49,98.62,148.21,90.54
2025-03-05,250.85,900.98,206.75,94.57,145.46,89.42
2025-03-06,250.11,901.09,202.6,95.66,146.81,92.43
2025-03-07,246.79,894.54,202.31,94.66,140.29,93.62
2025-03-10,259.12,915.1,203.01,98.35,138.93,94.12
2025-03-11,256.68,932.9,200.36,96.87,142.17,95.08
2025-03-12,262.06,918.95,202.15,93.65,148.05,93.23
2025-03-13,256.46,926.89,210.67,92.81,148.98,96.3
2025-03-14,258.5,909.34,203.42,89.19,146.3,100.19
2025-03-17,261.1,884.7,205.89,90.58,143.56,101.03
2025-03-18,261.11,874.06,205.73,86.88,144.05,104.29
2025-03-19,258.25,889.57,207.68,86.97,144.93,103.15
2025-03-20,257.02,906.97,206.0,83.4,150.39,101.56
2025-03-21,255.08,916.73,205.5,82.91,153.38,101.7
2025-03-24,267.46,930.48,206.13,85.68,153.72,102.63
2025-03-25,267.47,940.55,204.99,86.34,152.76,101.87
2025-03-26,270.41,928.96,198.86,84.89,162.05,103.02
2025-03-27,280.19,937.45,198.03,84.88,164.16,103.7
2025-03-28,275.41,952.92,192.52,84.95,162.05,101.68
2025-03-31,275.76,967.77,195.13,85.8,161.4,102.79
2025-04-01,274.41,991.27,187.95,83.49,158.65,104.62
2025-04-02,274.08,1005.81,191.91,84.53,151.1,105.03
2025-04-03,273.23,1013.38,193.65,80.0,152.12,107.5
2025-04-04,269.37,1035.58,195.43,79.03,157.62,104.94
2025-04-07,270.56,1035.55,187.07,78.3,152.56,105.97
2025-04-08,264.94,1017.8,185.93,79.33,152.8,103.55
2025-04-09,270.32,1014.99,190.31,79.4,150.72,101.29
2025-04-10,273.82,1000.38,188.43,77.21,152.37,100.06
2025-04-11,271.25,987.37,184.47,75.73,151.92,98.23
2025-04-14,268.98,985.01,182.21,76.07,147.86,97.2
2025-04-15,270.59,969.89,182.05,75.98,145.03,96.83
2025-04-16,266.41,964.4,179.04,75.14,142.7,98.5
2025-04-17,276.19,928.36,183.55,74.46,146.6,97.92
2025-04-18,278.31,932.78,183.41,75.53,150.47,94.86
2025-04-21,280.64,933.27,181.46,74.79,149.61,97.07
2025-04-22,284.6,918.49,176.83,74.69,153.36,95.5
2025-04-23,281.45,931.06,178.63,77.97,152.9,95.43
2025-04-24,287.72,948.98,180.37,75.79,151.98,96.33
2025-04-25,288.52,918.94,177.6,73.02,152.23,96.76
2025-04-28,294.15,905.38,169.74,74.2,153.17,98.93
2025-04-29,293.13,891.91,171.22,73.23,151.55,99.93
2025-04-30,301.0,875.59,170.67,72.8,151.69,98.26
